Главная---------------------------,357
liqui moly,84
ликви моли,136
ликви моли челябинск,54
liqui moly челябинск,24
ликви моли купить в челябинске,3
liqui moly купить в челябинске,0
liqui moly челябинск интернет магазин,1
ликви моли в челябинске купить,3
ликви моли в челябинске,3
liqui moly купить,5
ликви моли челябинск цены,1
liqui moly в челябинске,2
купить масло ликви моли в челябинске,9
ликви моли интернет магазин,0
ликви моли купить,0
масло ликви моли цена челябинск,0
liqui moly челябинск купить,0
liqui moly цена челябинск,1
liqui moly купить челябинск,0
,0
Общие разделы--------------------,0
Моторные масла,139
моторное масло liqui moly,1
моторные масла liqui moly купить,0
моторное масло liqui moly купить,0
моторное масло liqui moly цена,0
моторное масло liqui moly купить в челябинске,1
моторное масло ликви молли цена,0
моторное масло ликви молли цены,0
моторное масло liqui moly челябинск,0
моторные масла liqui moly купить интернет магазин,0
Трансмиссионные масла,60
трансмиссионное масло liqui moly,1
liqui moly трансмиссионное масло цена,0
трансмиссионное масло ликви молли,0
трансмиссионное масло ликви моли купить,0
трансмиссионное масло liqui moly купить,0
трансмиссионное масло liqui moly цена,0
трансмиссионное масло liqui moly челябинск,0
ПРОМЫВКИ И ОЧИСТИТЕЛИ,0
промывка liqui moly,0
промывка liqui moly купить,0
купить очиститель liqui moly,0
очиститель двигателя liqui moly,3
очиститель ликви молли,0
очиститель ликви моли,0
очиститель liqui moly купить,0
промывка liqui moly цена,0
очиститель liqui moly цена,0
промывка ликви моли цена,0
промывка liqui moly челябинск,0
промывка liqui moly купить цена,0
промывка liqui moly купить челябинск,0
ПРИСАДКИ,7
присадка liqui moly,2
купить присадку liqui moly,0
присадки ликви молли,0
купить присадку ликви молли,0
присадки ликви моли купить,0
присадки ликви моли,4
присадка liqui moly цена,1
присадка liqui moly челябинск,0
АВТОХИМИЯ,25
автохимия liqui moly,0
автохимия ликви молли,0
автохимия ликви моли,0
автохимия liqui moly купить,0
автохимия liqui moly каталог,0
автохимия ликви моли купить,0
автохимия liqui moly цена,0
автохимия liqui moly челябинск,0
АВТОКОСМЕТИКА,4
автокосметика liqui moly,4
автокосметика liqui moly купить,0
автокосметика liqui moly цена,0
автокосметика liqui moly челябинск,0
автокосметика ликви моли,0
автокосметика ликви моли купить,0
автокосметика ликви моли цена,0
автокосметика ликви моли челябинск,0
ДЛЯ МОТОЦИКЛОВ И ВЕЛО,0
масло ликви молли для мотоцикла,0
масло для мотоциклов liqui moly,0
масло для мотоциклов ликви молли,0
масло для мотоциклов ликви моли,3
масло ликви моли для мотоцикла,3
масло для мотоциклов liqui moly цена,0
масло для мотоциклов liqui moly челябинск,0
РАСХОДНИКИ ДЛЯ ТО,0
расходники для то liqui moly,0
расходники для то ликви молли,0
расходники liqui moly,0
расходники ликви молли,0
расходники для то liqui moly купить,0
расходники для то liqui moly цена,0
расходники для то liqui moly челябинск,0
расходники для то ликви молли купить,0
КОНСИСТЕНТНЫЕ СМАЗКИ,6
консистентные смазки liqui moly,0
консистентная смазка liqui moly,0
консистентные смазки ликви молли,0
консистентная смазка ликви моли,0
консистентные смазки liqui moly купить,0
консистентные смазки liqui moly цена,0
консистентные смазки liqui moly челябинск,0
ТЕХНИЧЕСКИЕ ЖИДКОСТИ,0
технические жидкости liqui moly,0
технические жидкости ликви молли,0
технические жидкости liqui moly купить,0
технические жидкости liqui moly цена,0
технические жидкости liqui moly челябинск,0
Трансмиссионные масла------------------------,60
трансмиссионное масло,60
масло трансмиссионное челябинск,1
купить трансмиссионное масло,1
трансмиссионное масло купить,6
масло трансмиссионное цена,2
трансмиссионное масло цена,2
масло трансмиссионное купить челябинск,5
ПОЛУСИНТЕТИЧЕСКИЕ ДЛЯ МКПП,0
масло трансмиссионное полусинтетическое для мкпп,0
купить масло трансмиссионное полусинтетическое для мкпп,0
полусинтетическое моторное масло трансмиссионное для мкпп,0
масло трансмиссионное полусинтетическое цена,0
масло трансмиссионное полусинтетическое купить,0
масло трансмиссионное полусинтетическое liqui moly,0
масло трансмиссионное полусинтетическое ликви молли,0
масло трансмиссионное полусинтетическое liqui moly купить,0
масло трансмиссионное полусинтетическое ликви моли,0
масло трансмиссионное полусинтетическое liqui moly цена,0
масло трансмиссионное полусинтетическое liqui moly челябинск,0
масло трансмиссионное полусинтетическое ликви молли цены,0
МИНЕРАЛЬНЫЕ ДЛЯ МКПП,0
трансмиссионное минеральное масло для мкпп,0
трансмиссионное минеральное масло для мкпп цена,0
минеральное масло трансмиссионное для мкпп купить,0
трансмиссионное масло минеральное для мкпп купить,0
трансмиссионные масла минеральное для мкпп liqui moly,0
трансмиссионные масла минеральное для мкпп ликви молли,0
трансмиссионные масла минеральное для мкпп liqui moly купить,0
трансмиссионные масла минеральное для мкпп liqui moly цена,0
трансмиссионные масла минеральное для мкпп liqui moly челябинск,0
трансмиссионные масла минеральное для мкпп ликви молли цены,0
СИНТЕТИЧЕСКИЕ ДЛЯ МКПП,0
масло трансмиссионное синтетическое для мкпп,0
масло трансмиссионное синтетическое для мкпп цена,0
масло трансмиссионное синтетическое для мкпп liqui moly,0
масло трансмиссионное синтетическое для мкпп ликви молли,0
масло трансмиссионное синтетическое для мкпп liqui moly купить,0
масло трансмиссионное синтетическое для мкпп liqui moly цена,0
масло трансмиссионное синтетическое для мкпп liqui moly челябинск,0
масло трансмиссионное синтетическое для мкпп ликви молли купить,0
масло трансмиссионное синтетическое для мкпп ликви молли цены,0
СИНТЕТИЧЕСКИЕ ДЛЯ CVT И DSG,0
масло трансмиссионное синтетическое для cvt,0
масло трансмиссионное синтетическое для cvt цена,0
масло трансмиссионное синтетическое для cvt liqui moly,0
масло трансмиссионное синтетическое для cvt ликви молли,0
масло трансмиссионное синтетическое для cvt liqui moly купить,0
масло трансмиссионное синтетическое для cvt liqui moly цена,0
масло трансмиссионное синтетическое для cvt liqui moly челябинск,0
масло трансмиссионное синтетическое для cvt ликви молли купить,0
масло трансмиссионное синтетическое для cvt ликви молли цены,0
масло трансмиссионное синтетическое для dsg,0
масло трансмиссионное синтетическое для dsg цена,0
масло трансмиссионное синтетическое для dsg liqui moly,0
масло трансмиссионное синтетическое для dsg ликви молли,0
масло трансмиссионное синтетическое для dsg liqui moly купить,0
масло трансмиссионное синтетическое для dsg liqui moly цена,0
масло трансмиссионное синтетическое для dsg liqui moly челябинск,0
масло трансмиссионное синтетическое для dsg ликви молли купить,0
масло трансмиссионное синтетическое для dsg ликви молли цены,0
масло трансмиссионное синтетическое для акпп,0
масло трансмиссионное синтетическое для акпп цена,0
масло трансмиссионное синтетическое для акпп liqui moly,0
масло трансмиссионное синтетическое для акпп ликви молли,0
масло трансмиссионное синтетическое для акпп liqui moly купить,0
масло трансмиссионное синтетическое для акпп liqui moly цена,0
масло трансмиссионное синтетическое для акпп liqui moly челябинск,0
масло трансмиссионное синтетическое для акпп ликви молли купить,0
масло трансмиссионное синтетическое для акпп ликви молли цены,0
Масла моторные----------------------------,139
Общие запросы,0
купить моторное масло челябинск,35
моторное масло,139
купить масло моторное в челябинске,99
купить моторное масло,12
моторное масло купить,12
моторное масло челябинск,33
моторные масла челябинск,33
ДЛЯ ГРУЗОВОЙ И СПЕЦТЕХНИКИ,0
моторное масло для грузовиков,0
моторные масла для грузовых автомобилей,0
моторное масло для грузовых автомобилей цена,0
моторное масло для грузовых авто,0
купить моторное масло для грузовых автомобилей,0
рейтинг моторное масло для грузовых автомобилей,0
моторные масла для грузовиков,0
купить моторное масло для грузовиков,0
моторное масло для грузовых автомобилей купить,0
моторные масла для спецтехники,0
моторные масла для спецтехники купить,0
моторные масла для спецтехники цены,0
моторные масла для спецтехники челябинск,0
моторные масла для спецтехники liqui moly,0
моторные масла для спецтехники ликви моли,0
моторные масла для грузовой техники liqui moly,0
моторные масла для грузовой техники ликви моли,0
моторные масла для грузовых автомобилей liqui moly,0
моторные масла для грузовых авто ликви моли,0
моторные масла для грузовиков liqui moly,0
моторные масла для грузовиков ликви моли,0
моторные масла для спецтехники liqui moly купить,0
моторные масла для спецтехники liqui moly цена,0
моторные масла для спецтехники liqui moly челябинск,0
моторные масла для спецтехники ликви моли цена,0
моторные масла для грузовиков liqui moly цена,0
моторные масла для грузовиков liqui moly челябинск,0
грузовые масла liqui moly,0
грузовые масла ликви моли,0
грузовые масла liqui moly купить,0
грузовые масла liqui moly цена,0
грузовые масла liqui moly челябинск,0
грузовые масла ликви моли цена,0
ФИРМЕННЫЕ МАСЛА (MOLYGEN),0
ликви моли молиген,0
ликви моли molygen,10
liqui moly molygen,1
ликви моли молиген цена,0
ликви моли молиген купить,0
моторные масла ликви моли molygen,0
моторное масло ликви моли молиген,0
моторные масла liqui moly molygen,0
ликви моли molygen купить,0
liqui moly molygen купить,0
liqui moly molygen челябинск,0
СПЕЦИАЛЬНЫЕ (TOP TEC),0
ликви моли top tec,0
liqui moly top tec,0
моторные масла ликви моли top tec,0
моторные масла liqui moly top tec,0
ликви моли liqui moly,0
моторные масла liqui moly top tec цена,0
СПЕЦИАЛЬНЫЕ (SPECIAL TEC),0
ликви моли special tec,0
liqui moly special tec,0
моторные масла ликви моли special tec,0
моторные масла liqui moly special tec,0
liqui moly special tec купить,0
моторные масла ликви моли special tec купить,0
моторные масла ликви моли special tec цена,0
моторные масла liqui moly special tec купить,0
моторные масла liqui moly special tec цена,0
УНИВЕРСАЛЬНЫЕ (LEICHTLAUF),0
ликви моли leichtlauf,0
liqui moly leichtlauf,0
liqui moly leichtlauf special,0
моторные масла ликви моли leichtlauf,0
моторные масла liqui moly leichtlauf,0
ликви моли leichtlauf купить,0
ликви моли leichtlauf цена,0
liqui moly leichtlauf купить,0
моторные масла ликви моли leichtlauf купить,0
моторные масла ликви моли leichtlauf цена,0
моторные масла liqui moly leichtlauf купить,0
моторные масла liqui moly leichtlauf цена,0
УНИВЕРСАЛЬНЫЕ (SYNTHOIL),0
liqui moly synthoil,0
ликви моли synthoil,0
моторные масла ликви моли synthoil,0
моторные масла liqui moly synthoil,0
моторные масла ликви моли synthoil купить,0
моторные масла ликви моли synthoil цена,0
моторные масла liqui moly synthoil цена,0
УНИВЕРСАЛЬНЫЕ (OPTIMAL),0
liqui moly optimal,0
ликви моли optimal,0
ликви моли оптимал цена,0
моторные масла ликви моли optimal,0
моторное масло ликви моли оптимал,0
моторные масла liqui moly optimal,0
liqui moly optimal купить,0
промывки---------,11
промывка масляной системы двигателя,3
купить промывку масляной системы,0
ликви моли промывка масляной системы,0
промывка масляной системы,0
промывки масляной системы liqui moly,0
промывка масляной системы цена,0
промывка масляной системы двигателя цена,0
средство для промывки масляной системы двигателя,1
долговременная промывка масляной системы liqui moly,0
долговременная промывка масляной системы ликви моли,0
пятиминутки liqui moly,0
пятиминутки ликви моли,0
промывка пятиминутка liqui moly купить,0
пятиминутки liqui moly цена,0
пятиминутки liqui moly челябинск,0
очиститель масляной системы,0
очиститель масляной системы двигателя,0
очиститель масляной системы liqui moly,1
очиститель масляной системы двигателя liqui moly,0
очиститель масляной системы ликви молли,0
очиститель двигателя ликви моли,0
промывка двигателя ликви моли,0
промывка двигателя liqui moly,2
5 минутная промывка двигателя liqui moly,50
промывка двигателя liqui moly купить,0
промывка двигателя ликви моли купить,0
промывка двигателя liqui moly пятиминутка,0
промывка двигателя liqui moly челябинск,0
промывка двс ликви моли,0
промывка двс liqui moly,0
промывка двс liqui moly купить,0
промывка двс ликви моли цена,0
промывка двс liqui moly челябинск,0
Присадки-------------------------,0
Присадки,7
присадка ликви моли,4
ликви моли присадка в масло,2
присадка ликви моли в масло,2
присадка ликви моли в кпп,0
ликви моли присадка в мкпп,0
присадка в мкпп liqui moly,0
присадка в кпп ликви моли,0
антифрикционная присадка ликви моли,0
присадка liqui moly в мкпп,0
liqui moly присадка в мкпп,0
liqui moly присадка в масло,0
присадки liqui moly для двигателя,0
liqui moly присадка купить,0
liqui moly топливная присадка,0
Присадки для бензиновых систем,0
присадки в бензин,5
присадка в бензин для очистки топливной системы,1
присадки для очистки топливной системы бензинового двигателя,0
liqui moly присадка в бензин,0
присадка в топливо liqui moly бензин,0
присадки в бензин ликви молли,0
присадки в бензин liqui moly купить,0
присадки в бензин liqui moly челябинск,0
присадки для бензиновых систем ликви моли цена,0
Присадки в трансмиссионное масло,2
присадка в трансмиссионное масло,2
присадка в трансмиссионное масло liqui moly,1
ликви моли присадка в трансмиссионное масло,0
купить присадку в трансмиссионное масло,0
присадка в трансмиссионное масло ликви моли,0
присадка в трансмиссионное масло купить,0
присадка в трансмиссионное масло liqui moly челябинск,0
Присадки для дизельных систем,0
присадки для дизельного топлива,1
смазывающая присадка в дизельное топливо,0
присадка для очистки дизельной топливной системы,0
присадки для очистки топливной системы дизельного двигателя,0
присадки для топливной системы дизельного двигателя,0
присадок дизельному топливу,0
купить присадку для дизельного топлива,0
присадок дизельному топливу liqui moly,0
присадки для дизельного топлива liqui moly,0
смазывающая присадка в дизельное топливо liqui moly,0
купить присадку для дизельного топлива liqui moly,0
присадка для очистки дизельной топливной системы liqui moly,0
присадки для очистки топливной системы дизельного двигателя liqui moly,0
присадки для топливной системы дизельного двигателя liqui moly,0
присадка для очистки дизельной топливной системы ликви моли,0
присадка для очистки дизельной топливной системы liqui moly купить,0
присадка для очистки дизельной топливной системы liqui moly челябинск,0
присадки для очистки топливной системы дизельного двигателя liqui moly купить,0
смазывающая присадка в дизельное топливо liqui moly челябинск,0
Присадки в моторное масло,1
антифрикционные присадки в моторное масло,0
присадки в моторное масло,1
присадок к моторным маслам,7
купить присадку для моторного масла,0
присадки в моторное масло liqui moly,0
liqui moly присадки в моторное масло,0
антифрикционные присадки в моторное масло liqui moly,0
присадок к моторным маслам liqui moly,0
купить присадку для моторного масла liqui moly,0
присадки в моторное масло ликви моли,0
антифрикционные присадки в моторное масло ликви моли,0
присадок к моторным маслам ликви моли,0
купить присадку для моторного масла ликви моли,0
присадки в моторное масло liqui moly купить,0
антифрикционные присадки в моторное масло liqui moly цена,0
антифрикционные присадки в моторное масло liqui moly челябинск,0
купить присадку для моторного масла liqui moly челябинск,0
Автохимия------------,25
Автохимия,25
каталог автохимии ликви моли,0
автохимия liqui moly для автомобиля интернет магазин,0
автохимия ликви моли каталог,0
химия liqui moly,0
автомобильная химия ликви моли,0
химия ликви моли,0
Пасты и очистители для рук,0
паста для рук liqui moly,0
паста для мытья рук liqui moly,0
паста для рук ликви моли,0
паста для мытья рук ликви моли,0
паста для очистки рук ликви моли,0
паста для рук liqui moly купить,0
паста для рук liqui moly цена,0
паста для рук liqui moly челябинск,0
паста для рук ликви моли цена,0
очистители для рук liqui moly,0
очистители для рук ликви моли,0
очистители для рук liqui moly купить,0
очистители для рук liqui moly цена,0
очистители для рук liqui moly челябинск,0
очистители для рук ликви моли цена,0
паста для мытья рук liqui moly купить,0
паста для мытья рук liqui moly цена,0
паста для мытья рук liqui moly челябинск,0
паста для мытья рук ликви моли цена,0
Для электропроводки и АКБ,0
смазка акб liqui moly,0
смазка акб ликви моли,0
смазка для клемм акб liqui moly,0
смазка клемм акб liqui moly,1
смазка для акб ликви моли,0
смазка акб liqui moly цена,0
смазка акб liqui moly челябинск,0
смазка акб ликви моли цена,0
смазка для электроконтактов liqui moly,0
смазка для электроконтактов ликви моли,0
смазка для электроконтактов liqui moly купить,0
смазка для электроконтактов liqui moly цена,0
смазка для электроконтактов liqui moly челябинск,0
спрей для электропроводки liqui moly,0
спрей для электропроводки ликви моли,0
ликви моли спрей для электропроводки,0
спрей для электропроводки liqui moly купить,0
спрей для электропроводки liqui moly цена,0
спрей для электропроводки liqui moly челябинск,0
спрей для проводки ликви моли,0
очиститель контактов liqui moly,0
очиститель контактов ликви моли,0
очиститель контактов liqui moly купить,0
очиститель контактов liqui moly цена,0
очиститель контактов ликви моли цена,0
очиститель контактов liqui moly челябинск,0
Смазки для тормозной системы,0
смазки для тормозной системы liqui moly,0
смазка для тормозной системы liqui moly,0
смазка для тормозных систем liqui moly,0
смазки для тормозной системы ликви моли,0
смазка для тормозной системы ликви моли,0
синтетическая смазка для тормозной системы ликви моли,0
смазки для тормозной системы liqui moly купить,0
смазки для тормозной системы liqui moly цена,0
смазки для тормозной системы liqui moly челябинск,0
Силиконовые смазки / смазки для замков,0
силиконовая смазка liqui moly,0
купить liqui moly силиконовую смазку,0
силиконовая смазка ликви моли,3
купить силиконовую смазку ликви моли,0
силиконовая смазка liqui moly купить,0
силиконовая смазка спрей liqui moly,0
liqui moly силиконовая смазка,0
силиконовая смазка ликви моли цена,0
силиконовая смазка для liqui moly,0
силиконовая смазка ликви моли купить,0
силиконовая смазка liqui moly спрей купить,0
смазки ликви моли каталог,0
смазки ликви моли каталог цены,0
купить силиконовую смазку liqui moly,0
liqui moly смазка для замков и петель,0
смазка для замков и петель liqui moly,0
смазка для замков liqui moly,0
ликви моли смазка для замков,0
смазка для замков авто ликви моли,0
смазка для замков liqui moly купить,0
смазка для замков liqui moly цена,0
смазка для замков ликви моли цена,0
смазка для замков liqui moly челябинск,0
Профессиональные средства для ремонта,0
керамическая паста liqui moly,0
керамическая паста ликви моли,0
керамическая паста liqui moly цена,0
керамическая паста liqui moly челябинск,0
грязеотталкивающая смазка liqui moly,0
грязеотталкивающая смазка ликви моли,0
грязеотталкивающая белая смазка ликви моли,0
грязеотталкивающая белая смазка liqui moly,0
грязеотталкивающая смазка liqui moly купить,0
грязеотталкивающая смазка liqui moly челябинск,0
грязеотталкивающая смазка ликви моли цена,0
бесцветная смазка liqui moly,0
бесцветная смазка ликви моли,0
бесцветная смазка силикон liqui moly,0
liqui moly бесцветная смазка силикон,0
бесцветная смазка liqui moly челябинск,0
бесцветная смазка ликви моли цена,0
тефлоновый спрей liqui moly,0
тефлоновый спрей ликви моли,0
тефлоновый спрей от ликви моли,0
тефлоновый спрей liqui moly купить,0
тефлоновый спрей liqui moly цена,0
тефлоновый спрей liqui moly челябинск,0
тефлоновый спрей ликви моли цена,0
адгезийная смазка liqui moly,0
адгезийная смазка спрей liqui moly,0
адгезийная смазка ликви моли,0
адгезионная смазка ликви моли,0
адгезийная смазка liqui moly купить,0
адгезийная смазка liqui moly челябинск,0
адгезийная смазка ликви моли цена,0
растворитель ржавчины liqui moly,0
растворитель ржавчины ликви моли,0
растворитель ржавчины liqui moly купить,0
растворитель ржавчины liqui moly цена,0
растворитель ржавчины liqui moly челябинск,0
Антикоррозионная обработка кузова,0
антикор для днища liqui moly,0
антикор для днища ликви моли,0
антикор для днища liqui moly цена,0
антикор для днища liqui moly челябинск,0
антикор для днища ликви моли цена,0
антигравий ликви моли,0
антигравий liqui moly,0
антигравий liqui moly купить,0
антигравий liqui moly шампунь,0
антикор ликви моли,0
антикор liqui moly,0
антикоррозийная обработка liqui moly,0
антикор liqui moly купить,0
антикор liqui moly цена,0
антикор ликви моли цена,0
антикор liqui moly челябинск,0
Для очистки и заправки кондиционера,0
освежитель кондиционера liqui moly,0
освежитель кондиционера ликви моли,0
очиститель кондиционера автомобиля liqui moly,0
очиститель кондиционера liqui moly купить,0
освежитель кондиционера liqui moly цена,0
очиститель кондиционера liqui moly цена,0
освежитель кондиционера liqui moly челябинск,0
очиститель кондиционера ликви моли купить,0
масло для кондиционеров liqui moly,0
масло для кондиционера liqui moly,0
масло для кондиционеров ликви моли,0
масло для кондиционеров liqui moly жидкость,0
масло для кондиционеров liqui moly цена,0
масло для кондиционеров liqui moly челябинск,0
масло для кондиционеров ликви моли цена,0
Для очистки датчиков и топливных систем,0
очиститель дмрв liqui moly,0
очиститель дмрв liqui moly цена,0
очиститель дмрв ликви моли,0
очиститель дмрв liqui moly купить,0
очиститель дмрв liqui moly купить в челябинске,0
очиститель дмрв ликви моли цена,0
очиститель дмрв liqui moly челябинск,0
очиститель дмрв ликви моли купить,0
очиститель для дмрв ликви моли цена,0
очиститель карбюратора liqui moly,0
очиститель карбюратора ликви моли,0
очиститель карбюратора liqui moly купить,0
очиститель карбюратора liqui moly цена,0
очиститель карбюратора liqui moly челябинск,0
очиститель сажевого фильтра liqui moly,1
очиститель сажевого фильтра ликви моли,0
очиститель сажевого фильтра liqui moly купить,0
очиститель сажевого фильтра liqui moly цена,0
очиститель сажевого фильтра liqui moly челябинск,0
очистки датчиков liqui moly,0
очистки датчиков ликви моли,0
очистки датчиков liqui moly купить,0
очистки датчиков liqui moly цена,0
очистки датчиков liqui moly челябинск,0
очистки датчиков ликви моли цена,0
жидкость для очистки бензиновых систем liqui moly,0
жидкость для очистки бензиновых систем ликви моли,0
жидкость для очистки бензиновых систем liqui moly купить,0
жидкость для очистки бензиновых систем liqui moly цена,0
жидкость для очистки бензиновых систем liqui moly челябинск,0
жидкость для очистки бензиновых систем ликви моли цена,0
"Для кузовных работ, клеи, герметики",0
силиконовый герметик liqui moly,0
силиконовый герметик ликви моли,0
силиконовый герметик ликви моли купить,0
силиконовый герметик liqui moly цена,0
силиконовый герметик liqui moly челябинск,0
силиконовый герметик ликви моли цена,0
средство для фиксации винтов liqui moly,0
средство для фиксации винтов ликви моли,0
средство для фиксации винтов liqui moly купить,0
средство для фиксации винтов liqui moly цена,0
средство для фиксации винтов liqui moly челябинск,0
средство для фиксации винтов ликви моли цена,0
клей для фиксации liqui moly,0
клей для фиксации ликви моли,0
клей для фиксации liqui moly купить,0
клей для фиксации liqui moly цена,0
клей для фиксации liqui moly челябинск,0
клей для фиксации ликви моли цена,0
секундный клей liqui moly,0
секундный клей ликви моли,0
секундный клей liqui moly купить,0
секундный клей liqui moly цена,0
секундный клей liqui moly челябинск,0
секундный клей ликви моли цена,0
клей liqui moly,0
клей ликви моли,0
клей liqui moly цена,0
клей liqui moly челябинск,0
клей ликви моли цена,0
клей герметик liqui moly,0
клей герметик ликви моли,0
клей герметик ликви моли цена,0
клей для зеркал liqui moly,0
клей для зеркал заднего вида liqui moly,0
клей для зеркал ликви моли,0
клей для зеркала заднего вида ликви моли,0
клей для зеркала liqui moly,0
клей для зеркал liqui moly цена,0
клей для зеркал liqui moly челябинск,0
клей для зеркал ликви моли купить,0
клей для зеркал ликви моли цена,0
автомобильный эпоксидный клей,0
клей герметик черный автомобильный герметик,0
клей герметик автомобильный,1
клей для автомобильных стекол,1
клей стекольный автомобильный,0
автомобильный клей герметик,1
автомобильный стекольный клей,0
клей для автомобильных стекол купить,0
клей герметик для стекол автомобиля,0
клей для автомобильных стекол для,2
клей для стекол автомобиля купить,0
клей для автомобильных зеркал заднего вида,0
автомобильный клей,1
купить автомобильный клей,0
клей герметик черный автомобильный,0
клей для автомобильных зеркал,0
купить клей для автомобильного стекла,0
купить автомобильный клей герметик,0
автомобильный клей для пластика,1
автомобильный клей для стекол,1
Средства для ремонта и обслуживания,0
смазка для цепи вилочных погрузчиков ликви моли,0
смазка для цепи вилочных погрузчиков liqui moly,0
ликви моли смазка для цепи вилочных погрузчиков,0
liqui moly смазка для цепи вилочных погрузчиков,0
смазка для цепи вилочных погрузчиков liqui moly цена,0
смазка для цепи вилочных погрузчиков liqui moly челябинск,0
спрей для ремонта шин ликви моли,0
спрей для ремонта шин liqui moly,0
спрей для ремонта шин ликви моли цена,0
спрей для ремонта шин liqui moly купить,0
спрей для ремонта шин liqui moly цена,0
спрей для ремонта шин liqui moly челябинск,0
растворитель ржавчины ликви моли цена,0
медная паста ликви моли,0
медная паста ликви моли цена,0
медная паста liqui moly,0
медная паста ликви моли купить,0
медная паста liqui moly купить,0
медная паста liqui moly цена,0
медная паста liqui moly челябинск,0
паста монтажная ликви моли,0
монтажная паста ликви моли,0
паста монтажная liqui moly,0
монтажная паста liqui moly,0
паста монтажная ликви моли цена,0
паста монтажная liqui moly цена,0
паста монтажная liqui moly челябинск,0
средство для демонтажа форсунок  ликви моли,0
средство для демонтажа форсунок  liqui moly,0
средство для демонтажа форсунок  ликви моли цена,0
средство для демонтажа форсунок  liqui moly купить,0
средство для демонтажа форсунок  liqui moly цена,0
средство для демонтажа форсунок liqui moly челябинск,0
смазка для монтажа форсунок ликви моли,0
смазка для монтажа форсунок liqui moly,0
смазка для монтажа форсунок ликви моли цена,0
смазка для монтажа форсунок liqui moly купить,0
смазка для монтажа форсунок liqui moly цена,0
смазка для монтажа форсунок liqui moly челябинск,0
смазка универсальная ликви моли,0
смазка универсальная liqui moly,0
смазка универсальная ликви моли цена,0
смазка универсальная liqui moly купить,0
смазка универсальная liqui moly челябинск,0
керамическая паста для форсунок ликви моли,0
керамическая паста ликви моли цена,0
керамическая паста liqui moly купить,0
паста для ремонта системы выхлопа ликви моли,0
паста для ремонта системы выхлопа liqui moly,0
паста для ремонта системы выхлопа ликви моли цена,0
паста для ремонта системы выхлопа liqui moly цена,0
паста для ремонта системы выхлопа liqui moly челябинск,0
размораживатель замков ликви моли,0
размораживатель замков liqui moly,0
размораживатель замков ликви моли купить,0
размораживатель замков ликви моли цена,0
размораживатель замков liqui moly купить,0
размораживатель замков liqui moly цена,0
размораживатель замков liqui moly челябинск,0
масло для пневмоинструмента ликви моли,0
масло для пневмоинструмента liqui moly,0
масло для пневмоинструмента ликви моли цена,0
масло для пневмоинструмента liqui moly цена,0
масло для пневмоинструмента liqui moly челябинск,0
Средства для системы охлаждения,0
герметик системы охлаждения liqui moly,0
герметик системы охлаждения liqui moly челябинск,0
герметик системы охлаждения ликви моли,0
ликви моли герметик системы охлаждения цена,0
герметик ликви моли для системы охлаждения,0
герметик системы охлаждения ликви моли купить,0
герметик системы охлаждения ликви моли цена,0
герметик системы охлаждения ликви моли цены,0
герметик системы охлаждения liqui moly купить,0
очиститель системы охлаждения ликви моли,0
очиститель системы охлаждения liqui moly,3
liqui moly очиститель системы охлаждения цена,0
промывка системы охлаждения ликви моли цена,0
промывка системы охлаждения liqui moly купить,0
очиститель системы охлаждения liqui moly цена,0
очиститель системы охлаждения liqui moly челябинск,0
очиститель наружней поверхности радиатора ликви моли,0
очиститель наружной поверхности радиатора liqui moly,0
очиститель наружней поверхности радиатора liqui moly,0
очиститель радиатора ликви моли,0
промывка радиатора ликви моли,1
очиститель радиатора liqui moly,0
очиститель наружной поверхности радиатора liqui moly цена,0
очиститель наружней поверхности радиатора liqui moly челябинск,0
очиститель радиатора liqui moly цена,0
очиститель радиатора liqui moly челябинск,0
Для мотоциклов и вело-------------------,0
Масла для мотоциклов,9
масло для мотоцикла,9
моторное масло для мотоциклов,1
купить масло для мотоцикла,1
масло для мотоцикла купить,1
масло для мотоцикла ликви моли,3
моторное масло для мотоциклов купить,0
купить моторное масло для мотоцикла,0
купить масло ликви моли для мотоцикла,0
масло для мотоцикла недорого,0
масло для мотоцикла цена,0
масло для мотоцикла цены,0
масло для мотоцикла челябинск,0
моторное масло для мотоцикла купить,0
моторное масло для мотоциклов ликви моли,0
моторное масло для мотоцикла ликви молли,0
моторное масло для мотоциклов цена,0
купить масло для мотоцикла в челябинске,0
купить масло для мотоцикла ликви моли,0
купить масло для мотоцикла цена,0
Средства для обслуживания и присадки,0
герметик для ремонта мотоциклетной резины,0
герметик liqui moly для ремонта мотоциклетной резины,0
герметик для ремонта мотоциклетной резины цена,0
герметик для ремонта мотоциклетной резины ликви моли,0
герметик для ремонта мотоциклетной резины liqui moly,0
герметик для ремонта мотоциклетной резины ликви моли цена,0
герметик для ремонта мотоциклетной резины liqui moly купить,0
герметик для ремонта мотоциклетной резины liqui moly цена,0
герметик для ремонта мотоциклетной резины liqui moly челябинск,0
ускоряющая присадка ликви моли,0
ускоряющая присадка liqui moly,0
ускоряющая присадка ликви моли цена,0
ускоряющая присадка liqui moly купить,0
ускоряющая присадка liqui moly цена,0
ускоряющая присадка liqui moly челябинск,0
присадка для мото двигателей ликви моли,0
присадка для мото двигателей liqui moly,0
присадка для мото двигателей ликви моли цена,0
присадка для мото двигателей liqui moly купить,0
присадка для мото двигателей liqui moly цена,0
присадка для мото двигателей liqui moly челябинск,0
очиститель мотоциклов ликви моли,0
очиститель мотоциклов liqui moly,0
очиститель мотоциклов ликви моли цена,0
очиститель мотоциклов liqui moly купить,0
очиститель мотоциклов liqui moly цена,0
очиститель мотоциклов liqui moly челябинск,0
тормозная жидкость ликви моли,0
тормозная жидкость ликви моли цена,0
тормозная жидкость ликви моли купить,0
тормозная жидкость liqui moly,0
тормозная жидкость liqui moly цена,0
тормозная жидкость ликви моли цены,0
тормозная жидкость liqui moly купить,0
тормозная жидкость liqui moly челябинск,0
средства для мотоциклов ликви моли,0
средства для мотоциклов liqui moly,0
средства для мотоциклов ликви моли цена,0
средства для мотоциклов liqui moly купить,0
средства для мотоциклов liqui moly цена,0
средства для мотоциклов liqui moly челябинск,0
Смазки и спреи для велосипедов,0
смазка для цепи велосипеда купить,0
смазка для цепи велосипеда купить в челябинске,0
спрей для велосипеда,0
смазка для велосипеда,2
купить смазку для велосипеда,0
смазка для цепи велосипеда цена,0
спрей для чистки велосипеда,0
смазка для велосипеда купить,0
смазка для велосипеда цена,0
смазка для цепи велосипеда купить челябинск,0
смазка для цепи велосипеда купить цена,0
спрей для велосипеда цена,0
смазка для велосипеда интернет магазин,0
смазка для велосипеда купить интернет магазин,0
спреи для велосипедов liqui moly,0
смазки для велосипедов liqui moly,0
смазка для цепи велосипеда liqui moly,0
спреи для велосипедов ликви моли,0
смазки для велосипедов ликви моли,0
спреи для велосипедов liqui moly купить,0
спреи для велосипедов liqui moly цена,0
спреи для велосипедов liqui moly челябинск,0
смазка для цепи велосипедов liqui moly,0
смазки для велосипедов liqui moly купить,0
смазки для велосипедов liqui moly челябинск,0
спреи для велосипедов ликви моли цена,0
смазки для велосипедов ликви моли цена,0
очиститель велосипеда liqui moly,0
очиститель велосипеда ликви моли,0
очиститель велосипеда liqui moly купить,0
очиститель велосипеда liqui moly цена,0
очиститель велосипеда liqui moly челябинск,0
очиститель велосипеда ликви моли цена,0
герметик для ремонта шин велосипеда liqui moly,0
герметик для ремонта шин велосипеда ликви моли,0
герметик для ремонта шин велосипеда,0
герметик для ремонта шин велосипеда купить,0
герметик для колес велосипеда купить,0
герметик для ремонта шин велосипеда цена,0
герметик для ремонта шин велосипеда liqui moly купить,0
герметик для ремонта шин велосипеда liqui moly цена,0
герметик для ремонта шин велосипеда liqui moly челябинск,0
герметик для ремонта шин велосипеда ликви моли цена,0
полироль для велосипеда liqui moly,0
полироль для велосипеда ликви моли,0
полироль для велосипеда,0
полироль для велосипеда купить,0
полироль для рамы велосипеда,0
полироль для велосипеда liqui moly купить,0
полироль для велосипеда liqui moly цена,0
полироль для велосипеда liqui moly челябинск,0
полироль для велосипеда ликви моли цена,0
полироль для велосипеда интернет магазин,0
полироль для велосипеда цена,0
универсальная смазка для велосипеда liqui moly,0
универсальная смазка для велосипеда ликви моли,0
универсальная смазка для велосипеда liqui moly купить,0
универсальная смазка для велосипеда liqui moly челябинск,0
универсальная смазка для велосипеда ликви моли цена,0
"Мотохимия для шлемов, кожи и цепей",0
мотохимия liqui moly,0
мотохимия ликви моли,0
мотохимия liqui moly цена,0
мотохимия ликви моли цена,0
мотохимия для шлемов liqui moly,0
мотохимия для шлемов ликви моли,0
мотохимия для шлемов liqui moly купить,0
мотохимия для шлемов liqui moly цена,0
мотохимия для шлемов liqui moly челябинск,0
мотохимия для шлемов ликви моли цена,0
мотохимия для кожи liqui moly,0
мотохимия для кожи ликви моли,0
мотохимия для кожи liqui moly купить,0
мотохимия для кожи liqui moly цена,0
мотохимия для кожи liqui moly челябинск,0
мотохимия для кожи ликви моли цена,0
мотохимия для цепей liqui moly,0
мотохимия для цепей ликви моли,0
мотохимия для цепей liqui moly купить,0
мотохимия для цепей liqui moly цена,0
мотохимия для цепей liqui moly челябинск,0
мотохимия для цепей ликви моли цена,0
очиститель мотошлемов liqui moly,0
очиститель мотошлемов ликви моли,0
очиститель мотошлемов liqui moly купить,0
очиститель мотошлемов liqui moly цена,0
очиститель мотошлемов liqui moly челябинск,0
очиститель мотошлемов ликви моли цена,0
смазка для мотоциклов liqui moly,0
смазка для цепи мотоцикла liqui moly,0
смазка для мотоциклов ликви моли,0
смазка цепи мотоцикла ликви моли,0
белая цепная смазка для мотоциклов liqui moly,0
смазка для цепей мотоциклов liqui moly,0
смазка для мотоциклов liqui moly купить,0
смазка для мотоциклов liqui moly челябинск,0
смазка для мотоциклов ликви моли цена,0
Моторные масла для скутеров,0
моторные масла для скутеров,0
моторные масла для скутеров интернет магазин,0
моторные масла для скутеров цены,0
моторные масла для скутеров челябинск,0
моторные масла для скутеров ликви моли,0
моторные масла для скутеров liqui moly,0
моторные масла для скутеров ликви моли цена,0
моторные масла для скутеров liqui moly купить,0
моторные масла для скутеров liqui moly цена,0
моторные масла для скутеров liqui moly челябинск,0
Масло для мотовилок и фильтров,0
масло для мотовилок,0
масло для мото вилки,0
масло для мотовилок ликви моли,0
масло для мотовилок liqui moly,0
купить масло для мотовилок,0
масло для мотовилок ликви моли цена,0
масло для мотовилок liqui moly купить,0
масло для мотовилок liqui moly цена,0
масло для мотовилок liqui moly челябинск,0
средство фильтров мототехники,0
средство фильтров мототехники ликви моли,0
средство фильтров мототехники liqui moly,0
средство фильтров мототехники цена,0
средство фильтров мототехники ликви моли цена,0
средство фильтров мототехники liqui moly купить,0
средство фильтров мототехники liqui moly цена,0
средство фильтров мототехники liqui moly челябинск,0
трансмиссионные масла для мотоцикла,0
трансмиссионные масла для мотоциклов,0
трансмиссионные масла для мотоциклов цена,0
Моторные масла для снегоходов и квадроциклов,0
моторные масла снегоходов,0
моторные масла снегоходов цены,0
моторные масла снегоходов ликви моли,0
моторные масла снегоходов liqui moly,0
моторные масла снегоходов ликви моли цена,0
моторные масла снегоходов liqui moly купить,0
моторные масла снегоходов liqui moly цена,0
моторные масла снегоходов liqui moly челябинск,0
моторные масла квадроциклов,0
моторные масла для квадроциклов,0
моторные масла квадроциклов ликви моли,0
моторные масла квадроциклов liqui moly,0
моторные масла квадроциклов цена,0
моторные масла квадроциклов челябинск,0
моторные масла квадроциклов ликви моли цена,0
моторные масла квадроциклов liqui moly купить,0
моторные масла квадроциклов liqui moly цена,0
моторные масла квадроциклов liqui moly челябинск,0
Консистентые смазки ----------------------,0
Запросы,39
Консистентные смазки,6
консистентная смазка,6
консистентная смазка цена,0
консистентная смазка купить,0
консистентная смазка купить дешево,0
консистентная смазка купить цена,0
консистентная смазка купить челябинск,0
пластичные смазки,9
купить пластичную смазку,9
пластичные смазки купить,1
пластичные смазки цена,0
пластичные термостойкие смазки,0
пластичная силиконовая смазка,0
пластичные смазки для автомобилей цена,0
термостойкие пластичные смазки,0
пластичные смазки для автомобилей,1
пластичные смазки для автомобилей купить,0
пластичные смазки ликви моли,0
пластичные смазки цены,0
пластичные смазки челябинск,1
пластичные смазки цена челябинск,0
пластичная силиконовая смазка цена,0
Технические жидкости------------------,0
Технические жидкости,0
технические жидкости ликви моли,0
технические жидкости ликви моли цена,0
ДЛЯ ГИДРОСИСТЕМ,0
гидравлические жидкости ликви моли,1
гидравлическая жидкость ликви моли,1
гидравлические жидкости liqui moly,0
гидравлические жидкости ликви моли цена,0
гидравлические жидкости liqui moly купить,0
гидравлические жидкости liqui moly цена,0
гидравлические жидкости liqui moly челябинск,0
Тормозные жидкости,45
жидкость тормозная ликви моли,0
Антифризы,102
антифриз ликви моли,0
антифриз ликви моли купить,0
антифриз liqui moly,0
купить антифриз liqui moly,1
концентрат антифриза liqui moly,1
антифриз ликви моли цена,0
антифриз liqui moly цена,0
антифриз ликви молли цена,0
антифриз ликви моли цены,0
антифриз ликви моли купить цена,0
антифриз ликви моли купить челябинск,0
антифриз liqui moly челябинск,0
купить антифриз liqui moly цена,0
купить антифриз liqui moly челябинск,0
концентрат антифриза liqui moly челябинск,0
